{
	"credit": "Made with Blockbench",
	"ambientocclusion": false,
	"textures": {
		"side": "blocks/bed_feet_side",
		"particle": "blocks/bed_feet_top",
		"top": "blocks/bed_feet_top",
		"bottom": "blocks/planks_oak",
		"end": "blocks/bed_feet_end"
	},
	"elements": [
		{
			"name": "top,left right and end bed",
			"from": [0, 3, 0],
			"to": [16, 9, 16],
			"faces": {
				"north": {"uv": [0, 7, 16, 13], "texture": "#end"},
				"east": {"uv": [16, 7, 0, 13], "texture": "#side"},
				"west": {"uv": [0, 7, 16, 13], "texture": "#side"},
				"up": {"uv": [0, 16, 16, 0], "rotation": 90, "texture": "#top"},
				"down": {"uv": [0, 0, 16, 16], "texture": "#bottom"}
			}
		},
		{
			"name": "left leg",
			"from": [13, 0, 0],
			"to": [16, 3, 3],
			"faces": {
				"north": {"uv": [0, 13, 3, 16], "texture": "#end"},
				"east": {"uv": [3, 13, 0, 16], "texture": "#end"},
				"south": {"uv": [13, 13, 16, 16], "texture": "#end"},
				"west": {"uv": [0, 13, 3, 16], "texture": "#end"},
				"up": {"uv": [0, 0, 0, 0], "texture": "#end"},
				"down": {"uv": [13, 13, 16, 16], "texture": "#end"}
			}
		},
		{
			"name": "right leg",
			"from": [0, 0, 0],
			"to": [3, 3, 3],
			"faces": {
				"north": {"uv": [13, 13, 16, 16], "texture": "#end"},
				"east": {"uv": [3, 13, 0, 16], "texture": "#end"},
				"south": {"uv": [0, 13, 3, 16], "texture": "#end"},
				"west": {"uv": [0, 13, 3, 16], "texture": "#end"},
				"up": {"uv": [0, 0, 0, 0], "texture": "#end"},
				"down": {"uv": [0, 13, 3, 16], "texture": "#end"}
			}
		}
	]
}