{
	"credit": "Made with Blockbench",
	"ambientocclusion": false,
	"textures": {
		"particle": "blocks/planks_oak"
	},
	"elements": [
		{
			"from": [12, 0, 14],
			"to": [14, 16, 16],
			"faces": {
				"north": {"uv": [2, 0, 4, 16], "texture": "#particle"},
				"east": {"uv": [4, 0, 6, 16], "texture": "#particle"},
				"south": {"uv": [2, 0, 4, 16], "texture": "#particle"},
				"west": {"uv": [0, 0, 2, 16], "texture": "#particle"},
				"up": {"uv": [2, 0, 4, 1], "texture": "#particle"},
				"down": {"uv": [2, 15, 4, 16], "texture": "#particle"}
			}
		},
		{
			"from": [4, 13, 14.5],
			"to": [12, 15, 15.5],
			"faces": {
				"north": {"uv": [4, 2, 12, 4], "texture": "#particle"},
				"east": {"uv": [3, 2, 4, 4], "texture": "#particle"},
				"south": {"uv": [4, 2, 12, 4], "texture": "#particle"},
				"west": {"uv": [12, 2, 13, 4], "texture": "#particle"},
				"up": {"uv": [4, 1, 12, 2], "texture": "#particle"},
				"down": {"uv": [4, 4, 12, 5], "texture": "#particle"}
			}
		},
		{
			"from": [2, 0, 14],
			"to": [4, 16, 16],
			"faces": {
				"north": {"uv": [12, 0, 14, 16], "texture": "#particle"},
				"east": {"uv": [14, 0, 16, 16], "texture": "#particle"},
				"south": {"uv": [12, 0, 14, 16], "texture": "#particle"},
				"west": {"uv": [10, 0, 12, 16], "texture": "#particle"},
				"up": {"uv": [12, 0, 14, 1], "texture": "#particle"},
				"down": {"uv": [12, 15, 14, 16], "texture": "#particle"}
			}
		},
		{
			"from": [4, 5, 14.5],
			"to": [12, 7, 15.5],
			"faces": {
				"north": {"uv": [4, 10, 12, 12], "texture": "#particle"},
				"east": {"uv": [3, 10, 4, 12], "texture": "#particle"},
				"south": {"uv": [4, 10, 12, 12], "texture": "#particle"},
				"west": {"uv": [12, 10, 13, 12], "texture": "#particle"},
				"up": {"uv": [4, 9, 12, 10], "texture": "#particle"},
				"down": {"uv": [4, 12, 12, 13], "texture": "#particle"}
			}
		},
		{
			"from": [4, 9, 14.5],
			"to": [12, 11, 15.5],
			"faces": {
				"north": {"uv": [4, 6, 12, 8], "texture": "#particle"},
				"east": {"uv": [3, 6, 4, 8], "texture": "#particle"},
				"south": {"uv": [4, 6, 12, 8], "texture": "#particle"},
				"west": {"uv": [12, 6, 13, 8], "texture": "#particle"},
				"up": {"uv": [4, 5, 12, 6], "texture": "#particle"},
				"down": {"uv": [4, 8, 12, 9], "texture": "#particle"}
			}
		},
		{
			"from": [4, 1, 14.5],
			"to": [12, 3, 15.5],
			"faces": {
				"north": {"uv": [4, 14, 12, 16], "texture": "#particle"},
				"east": {"uv": [3, 14, 4, 16], "texture": "#particle"},
				"south": {"uv": [4, 14, 12, 16], "texture": "#particle"},
				"west": {"uv": [12, 14, 13, 16], "texture": "#particle"},
				"up": {"uv": [4, 13, 12, 14], "texture": "#particle"},
				"down": {"uv": [4, 0, 12, 1], "texture": "#particle"}
			}
		}
	]
}